﻿Designator,Footprint,Quantity,Value,LCSC Part #
"J2_4, J2_3, J2_2, J2",PinHeader_1x03_P2.54mm_Vertical,4,LED Strip Conn,
"J3_4, J3_3, J3_2, J3",RJ45_Amphenol_54602-x08_Horizontal,4,Expansion,
"KiKit_MB_10_1, KiKit_MB_10_2, KiKit_MB_10_3, KiKit_MB_10_4, KiKit_MB_11_1, KiKit_MB_11_2, KiKit_MB_11_3, KiKit_MB_11_4, KiKit_MB_12_1, KiKit_MB_12_2, KiKit_MB_12_3, KiKit_MB_12_4, KiKit_MB_13_1, KiKit_MB_13_2, KiKit_MB_13_3, KiKit_MB_13_4, KiKit_MB_14_1, KiKit_MB_14_2, KiKit_MB_14_3, KiKit_MB_14_4, KiKit_MB_15_1, KiKit_MB_15_2, KiKit_MB_15_3, KiKit_MB_15_4, KiKit_MB_16_1, KiKit_MB_16_2, KiKit_MB_16_3, KiKit_MB_16_4, KiKit_MB_17_1, KiKit_MB_17_2, KiKit_MB_17_3, KiKit_MB_17_4, KiKit_MB_18_1, KiKit_MB_18_2, KiKit_MB_18_3, KiKit_MB_18_4, KiKit_MB_19_1, KiKit_MB_19_2, KiKit_MB_19_3, KiKit_MB_19_4, KiKit_MB_1_1, KiKit_MB_1_2, KiKit_MB_1_3, KiKit_MB_1_4, KiKit_MB_20_1, KiKit_MB_20_2, KiKit_MB_20_3, KiKit_MB_20_4, KiKit_MB_21_1, KiKit_MB_21_2, KiKit_MB_21_3, KiKit_MB_21_4, KiKit_MB_22_1, KiKit_MB_22_2, KiKit_MB_22_3, KiKit_MB_22_4, KiKit_MB_23_1, KiKit_MB_23_2, KiKit_MB_23_3, KiKit_MB_23_4, KiKit_MB_24_1, KiKit_MB_24_2, KiKit_MB_24_3, KiKit_MB_24_4, KiKit_MB_2_1, KiKit_MB_2_2, KiKit_MB_2_3, KiKit_MB_2_4, KiKit_MB_3_1, KiKit_MB_3_2, KiKit_MB_3_3, KiKit_MB_3_4, KiKit_MB_4_1, KiKit_MB_4_2, KiKit_MB_4_3, KiKit_MB_4_4, KiKit_MB_5_1, KiKit_MB_5_2, KiKit_MB_5_3, KiKit_MB_5_4, KiKit_MB_6_1, KiKit_MB_6_2, KiKit_MB_6_3, KiKit_MB_6_4, KiKit_MB_7_1, KiKit_MB_7_2, KiKit_MB_7_3, KiKit_MB_7_4, KiKit_MB_8_1, KiKit_MB_8_2, KiKit_MB_8_3, KiKit_MB_8_4, KiKit_MB_9_1, KiKit_MB_9_2, KiKit_MB_9_3, KiKit_MB_9_4",NPTH,96,NPTH,
"RPD1_1_4, RPD1_1_3, RPD1_1_2, RPD1_1, RPD1_2_4, RPD1_2_3, RPD1_2_2, RPD1_2, RPD1_3_4, RPD1_3_3, RPD1_3_2, RPD1_3, RPD1_4_4, RPD1_4_3, RPD1_4_2, RPD1_4, RPD1_5_4, RPD1_5_3, RPD1_5_2, RPD1_5, RPD1_6_4, RPD1_6_3, RPD1_6_2, RPD1_6, RPD1_7_4, RPD1_7_3, RPD1_7_2, RPD1_7, RPD1_8_4, RPD1_8_3, RPD1_8_2, RPD1_8",0805,32,10k,
"SW1_4, SW1_3, SW1_2, SW1, SW3_4, SW3_3, SW3_2, SW3, SW4_4, SW4_3, SW4_2, SW4, SW5_4, SW5_3, SW5_2, SW5, SW6_4, SW6_3, SW6_2, SW6, SW7_4, SW7_3, SW7_2, SW7, SW8_4, SW8_3, SW8_2, SW8",TerminalBlock_4Ucon_1x02_P3.50mm_Vertical,28,SW_Push,
"SW2_4, SW2_3, SW2_2, SW2",TerminalBlock_4Ucon_1x02_P3.50mm_Vertical,4,~,
"U6_4, U6_3, U6_2, U6",QSOP-16_3.9x4.9mm_P0.635mm,4,CD74HC4051M96,
