﻿Designator,Footprint,Quantity,Value,LCSC Part #
"J1_6, J1_5, J1_4, J1_3, J1_2, J1, J3_6, J3_5, J3_4, J3_3, J3_2, J3",PinHeader_1x03_P2.54mm_Vertical,12,LED Strip Conn,
"J2_6, J2_5, J2_4, J2_3, J2_2, J2, J4_6, J4_5, J4_4, J4_3, J4_2, J4",PinHeader_1x03_P2.54mm_Vertical,12,Conn_01x03_Socket,
"KiKit_MB_10_1, KiKit_MB_10_2, KiKit_MB_10_3, KiKit_MB_10_4, KiKit_MB_11_1, KiKit_MB_11_2, KiKit_MB_11_3, KiKit_MB_11_4, KiKit_MB_12_1, KiKit_MB_12_2, KiKit_MB_12_3, KiKit_MB_12_4, KiKit_MB_13_1, KiKit_MB_13_2, KiKit_MB_13_3, KiKit_MB_13_4, KiKit_MB_14_1, KiKit_MB_14_2, KiKit_MB_14_3, KiKit_MB_14_4, KiKit_MB_15_1, KiKit_MB_15_2, KiKit_MB_15_3, KiKit_MB_15_4, KiKit_MB_16_1, KiKit_MB_16_2, KiKit_MB_16_3, KiKit_MB_16_4, KiKit_MB_17_1, KiKit_MB_17_2, KiKit_MB_17_3, KiKit_MB_17_4, KiKit_MB_18_1, KiKit_MB_18_2, KiKit_MB_18_3, KiKit_MB_18_4, KiKit_MB_19_1, KiKit_MB_19_2, KiKit_MB_19_3, KiKit_MB_19_4, KiKit_MB_1_1, KiKit_MB_1_2, KiKit_MB_1_3, KiKit_MB_1_4, KiKit_MB_20_1, KiKit_MB_20_2, KiKit_MB_20_3, KiKit_MB_20_4, KiKit_MB_21_1, KiKit_MB_21_2, KiKit_MB_21_3, KiKit_MB_21_4, KiKit_MB_22_1, KiKit_MB_22_2, KiKit_MB_22_3, KiKit_MB_22_4, KiKit_MB_23_1, KiKit_MB_23_2, KiKit_MB_23_3, KiKit_MB_23_4, KiKit_MB_24_1, KiKit_MB_24_2, KiKit_MB_24_3, KiKit_MB_24_4, KiKit_MB_25_1, KiKit_MB_25_2, KiKit_MB_25_3, KiKit_MB_25_4, KiKit_MB_26_1, KiKit_MB_26_2, KiKit_MB_26_3, KiKit_MB_26_4, KiKit_MB_27_1, KiKit_MB_27_2, KiKit_MB_27_3, KiKit_MB_27_4, KiKit_MB_28_1, KiKit_MB_28_2, KiKit_MB_28_3, KiKit_MB_28_4, KiKit_MB_29_1, KiKit_MB_29_2, KiKit_MB_29_3, KiKit_MB_29_4, KiKit_MB_2_1, KiKit_MB_2_2, KiKit_MB_2_3, KiKit_MB_2_4, KiKit_MB_30_1, KiKit_MB_30_2, KiKit_MB_30_3, KiKit_MB_30_4, KiKit_MB_31_1, KiKit_MB_31_2, KiKit_MB_31_3, KiKit_MB_31_4, KiKit_MB_32_1, KiKit_MB_32_2, KiKit_MB_32_3, KiKit_MB_32_4, KiKit_MB_33_1, KiKit_MB_33_2, KiKit_MB_33_3, KiKit_MB_33_4, KiKit_MB_34_1, KiKit_MB_34_2, KiKit_MB_34_3, KiKit_MB_34_4, KiKit_MB_35_1, KiKit_MB_35_2, KiKit_MB_35_3, KiKit_MB_35_4, KiKit_MB_36_1, KiKit_MB_36_2, KiKit_MB_36_3, KiKit_MB_36_4, KiKit_MB_37_1, KiKit_MB_37_2, KiKit_MB_37_3, KiKit_MB_37_4, KiKit_MB_38_1, KiKit_MB_38_2, KiKit_MB_38_3, KiKit_MB_38_4, KiKit_MB_39_1, KiKit_MB_39_2, KiKit_MB_39_3, KiKit_MB_39_4, KiKit_MB_3_1, KiKit_MB_3_2, KiKit_MB_3_3, KiKit_MB_3_4, KiKit_MB_40_1, KiKit_MB_40_2, KiKit_MB_40_3, KiKit_MB_40_4, KiKit_MB_41_1, KiKit_MB_41_2, KiKit_MB_41_3, KiKit_MB_41_4, KiKit_MB_42_1, KiKit_MB_42_2, KiKit_MB_42_3, KiKit_MB_42_4, KiKit_MB_43_1, KiKit_MB_43_2, KiKit_MB_43_3, KiKit_MB_43_4, KiKit_MB_44_1, KiKit_MB_44_2, KiKit_MB_44_3, KiKit_MB_44_4, KiKit_MB_45_1, KiKit_MB_45_2, KiKit_MB_45_3, KiKit_MB_45_4, KiKit_MB_46_1, KiKit_MB_46_2, KiKit_MB_46_3, KiKit_MB_46_4, KiKit_MB_47_1, KiKit_MB_47_2, KiKit_MB_47_3, KiKit_MB_47_4, KiKit_MB_48_1, KiKit_MB_48_2, KiKit_MB_48_3, KiKit_MB_48_4, KiKit_MB_49_1, KiKit_MB_49_2, KiKit_MB_49_3, KiKit_MB_49_4, KiKit_MB_4_1, KiKit_MB_4_2, KiKit_MB_4_3, KiKit_MB_4_4, KiKit_MB_50_1, KiKit_MB_50_2, KiKit_MB_50_3, KiKit_MB_50_4, KiKit_MB_51_1, KiKit_MB_51_2, KiKit_MB_51_3, KiKit_MB_51_4, KiKit_MB_52_1, KiKit_MB_52_2, KiKit_MB_52_3, KiKit_MB_52_4, KiKit_MB_53_1, KiKit_MB_53_2, KiKit_MB_53_3, KiKit_MB_53_4, KiKit_MB_54_1, KiKit_MB_54_2, KiKit_MB_54_3, KiKit_MB_54_4, KiKit_MB_55_1, KiKit_MB_55_2, KiKit_MB_55_3, KiKit_MB_55_4",NPTH,200,NPTH,
"KiKit_MB_56_1, KiKit_MB_56_2, KiKit_MB_56_3, KiKit_MB_56_4, KiKit_MB_57_1, KiKit_MB_57_2, KiKit_MB_57_3, KiKit_MB_57_4, KiKit_MB_58_1, KiKit_MB_58_2, KiKit_MB_58_3, KiKit_MB_58_4, KiKit_MB_59_1, KiKit_MB_59_2, KiKit_MB_59_3, KiKit_MB_59_4, KiKit_MB_5_1, KiKit_MB_5_2, KiKit_MB_5_3, KiKit_MB_5_4, KiKit_MB_60_1, KiKit_MB_60_2, KiKit_MB_60_3, KiKit_MB_60_4, KiKit_MB_6_1, KiKit_MB_6_2, KiKit_MB_6_3, KiKit_MB_6_4, KiKit_MB_7_1, KiKit_MB_7_2, KiKit_MB_7_3, KiKit_MB_7_4, KiKit_MB_8_1, KiKit_MB_8_2, KiKit_MB_8_3, KiKit_MB_8_4, KiKit_MB_9_1, KiKit_MB_9_2, KiKit_MB_9_3, KiKit_MB_9_4",NPTH,40,NPTH,
"LED1_6, LED1_5, LED1_4, LED1_3, LED1_2, LED1, LED2_6, LED2_5, LED2_4, LED2_3, LED2_2, LED2",LED_Inolux_IN-PI554FCH_PLCC4_5.0x5.0mm_P3.2mm,12,IN-PI55TATPRPGPB,
